id,iso_code,date,new_cases,new_deaths,icu_patients,hosp_patients,new_tests,positive_rate,people_vaccinated,people_fully_vaccinated,total_boosters,new_vaccinations,excess_mortality
178247,AFG,2022-06-02,101.0,1.0,,,,,,,,,
178248,AFG,2022-06-03,64.0,0.0,,,,,,,,,
178249,ALB,2022-06-02,0.0,0.0,,,594.0,,,,,,
178250,ALB,2022-06-03,89.0,0.0,,,,,,,,,
178251,DZA,2022-06-02,2.0,0.0,1.0,,,,,,,,
178252,DZA,2022-06-03,0.0,0.0,,,,,,,,,
178253,AND,2022-06-02,0.0,0.0,,,,,,,,,
178254,AND,2022-06-03,173.0,0.0,,,,,,,,,
178255,AGO,2022-06-02,,0.0,,,,,,,,,
178256,AGO,2022-06-03,,0.0,,,,,,,,,
178257,AIA,2022-06-02,0.0,0.0,,,,,,,,,
178258,AIA,2022-06-03,0.0,0.0,,,,,,,,,
178259,ATG,2022-06-02,42.0,0.0,,,,,,,,,
178260,ATG,2022-06-03,0.0,0.0,,,,,,,,,
178261,ARG,2022-06-02,,,,,,,41115023.0,37472575.0,25024769.0,115976.0,
178262,ARG,2022-06-03,,,,,,,41115023.0,37472575.0,25024792.0,23.0,
178263,ARM,2022-06-02,0.0,0.0,,,,,,,,,
178264,ARM,2022-06-03,0.0,0.0,,,,,,,,,
178265,ABW,2022-06-02,0.0,0.0,,,,,88842.0,82387.0,,37.0,
178266,ABW,2022-06-03,623.0,3.0,,,,,88901.0,82455.0,,127.0,
178267,AUS,2022-06-02,31897.0,61.0,87.0,2723.0,79867.0,0.165,22322831.0,21619219.0,13727620.0,13405.0,
178268,AUS,2022-06-03,27521.0,60.0,84.0,2669.0,,,,,,,
178269,AUT,2022-06-02,3039.0,6.0,48.0,464.0,153663.0,0.0209,,,,,
178270,AUT,2022-06-03,2791.0,1.0,47.0,465.0,,,,,,,
178271,AZE,2022-06-02,7.0,0.0,,,,0.0041,5348519.0,4849400.0,3284160.0,2123.0,
178272,AZE,2022-06-03,0.0,0.0,,,,,,,,,
178273,BHS,2022-06-02,0.0,0.0,,,,,,,,,
178274,BHS,2022-06-03,70.0,0.0,,,,,,,,,
178275,BHR,2022-06-02,594.0,0.0,,,,0.1356,1237003.0,1220832.0,987681.0,,
178276,BHR,2022-06-03,595.0,0.0,,,,,1237061.0,1220944.0,987777.0,266.0,
178277,BGD,2022-06-02,22.0,0.0,,,5225.0,0.0201,,,,,
178278,BGD,2022-06-03,29.0,0.0,,,,,,,,,
178279,BRB,2022-06-02,182.0,1.0,,,,,162426.0,152878.0,,30.0,
178280,BRB,2022-06-03,146.0,0.0,,,,,,,,,
178281,BLR,2022-06-02,0.0,0.0,,,,,,,,,
178282,BLR,2022-06-03,0.0,0.0,,,,,,,,,
178283,BEL,2022-06-02,6196.0,14.0,76.0,883.0,,,,,,,
178284,BEL,2022-06-03,,,,,,,,,,,
178285,BLZ,2022-06-02,129.0,0.0,,,,,,,,,
178286,BLZ,2022-06-03,122.0,0.0,,,,,237669.0,211834.0,48212.0,,
178287,BEN,2022-06-02,0.0,0.0,,,,,,,,,
178288,BEN,2022-06-03,0.0,0.0,,,,,,,,,
178289,BMU,2022-06-02,,0.0,,,,,,,,,
178290,BMU,2022-06-03,,0.0,,,,,,,,,
178291,BTN,2022-06-02,0.0,0.0,,,,,,,,,
178292,BTN,2022-06-03,0.0,0.0,,,,,,,,,
178293,BOL,2022-06-02,0.0,0.0,,,,,,,,,
178294,BOL,2022-06-03,547.0,0.0,,,,,,,,,
178295,BES,2022-06-02,0.0,0.0,,,,,,,,,
178296,BES,2022-06-03,0.0,0.0,,,,,,,,,
178297,BIH,2022-06-02,21.0,0.0,,,,,,,,,
178298,BIH,2022-06-03,13.0,0.0,,,,,,,,,
178299,BWA,2022-06-02,,0.0,,,,,,,,,
178300,BWA,2022-06-03,,0.0,,,,,,,,,
178301,BRA,2022-06-02,41273.0,129.0,,,,,,,,,
178302,BRA,2022-06-03,36189.0,41.0,,,,,184018923.0,166365243.0,97467265.0,,
178303,VGB,2022-06-02,0.0,0.0,,,,,,,,,
178304,VGB,2022-06-03,0.0,0.0,,,,,,,,,
178305,BRN,2022-06-02,367.0,0.0,,,,,,,,,
178306,BRN,2022-06-03,342.0,0.0,,,,,,,,,
178307,BGR,2022-06-02,182.0,3.0,,,,0.0364,,2059753.0,758976.0,498.0,
178308,BGR,2022-06-03,189.0,10.0,,,,,,2059874.0,759255.0,447.0,
178309,BFA,2022-06-02,0.0,0.0,,,,,,,,,
178310,BFA,2022-06-03,0.0,0.0,,,,,,,,,
178311,BDI,2022-06-02,50.0,0.0,,,,0.0094,,,,,
178312,BDI,2022-06-03,45.0,0.0,,,,,,,,,
178313,KHM,2022-06-02,0.0,0.0,,,,0.0,,,,,
178314,KHM,2022-06-03,0.0,0.0,,,,,,,,,
178315,CMR,2022-06-02,0.0,0.0,,,,,,,,,
178316,CMR,2022-06-03,0.0,0.0,,,,,,,,,
178317,CAN,2022-06-02,3087.0,136.0,,,,,,,,,
178318,CAN,2022-06-03,3500.0,43.0,,,,,,,,,
178319,CPV,2022-06-02,41.0,0.0,,,,,,,,,
178320,CPV,2022-06-03,50.0,0.0,,,,,,,,,
178321,CYM,2022-06-02,,0.0,,,,,,,,,
178322,CYM,2022-06-03,,0.0,,,,,,,,,
178323,CAF,2022-06-02,0.0,0.0,,,,,,,,,
178324,CAF,2022-06-03,0.0,0.0,,,,,,,,,
178325,TCD,2022-06-02,0.0,0.0,,,,0.0,,,,,
178326,TCD,2022-06-03,0.0,0.0,,,,,,,,,
178327,CHL,2022-06-02,9813.0,23.0,144.0,,74222.0,0.1299,17968986.0,17532853.0,22235668.0,179303.0,
178328,CHL,2022-06-03,9572.0,12.0,156.0,,,,17970100.0,17534353.0,22337185.0,104131.0,
178329,CHN,2022-06-02,154.0,0.0,,,,,,,,820000.0,
178330,CHN,2022-06-03,171.0,0.0,,,,,,,,418000.0,
178331,COL,2022-06-02,5650.0,13.0,,,,0.054,,,,,
178332,COL,2022-06-03,,,,,,,,,,,
178333,COM,2022-06-02,6.0,0.0,,,,,,,,,
178334,COM,2022-06-03,0.0,0.0,,,,,,,,,
178335,COG,2022-06-02,49.0,0.0,,,,,,,,,
178336,COG,2022-06-03,0.0,0.0,,,,,,,,,
178337,COK,2022-06-02,11.0,0.0,,,,,,,,,
178338,COK,2022-06-03,5.0,0.0,,,,,,,,,
178339,CRI,2022-06-02,,,,,,,,,,,
178340,CRI,2022-06-03,,,,,,,,,,,
178341,CIV,2022-06-02,0.0,0.0,,,,0.0183,,,,,
178342,CIV,2022-06-03,16.0,0.0,,,,,,,,,
178343,HRV,2022-06-02,486.0,4.0,,,,0.1145,2314714.0,2244121.0,,192.0,
178344,HRV,2022-06-03,405.0,3.0,,,,,,,,,
178345,CUB,2022-06-02,29.0,0.0,,,,,,,,,
178346,CUB,2022-06-03,30.0,0.0,,,,,,,,,
178347,CUW,2022-06-02,0.0,0.0,,,,,108161.0,99401.0,45676.0,96.0,
178348,CUW,2022-06-03,0.0,0.0,,,,,108170.0,99410.0,45724.0,66.0,
178349,CYP,2022-06-02,0.0,0.0,,,,,,,,,
178350,CYP,2022-06-03,1814.0,8.0,,,,,,,,,
178351,CZE,2022-06-02,176.0,1.0,17.0,102.0,3630.0,0.04,6963080.0,6875476.0,4211120.0,1672.0,
178352,CZE,2022-06-03,289.0,0.0,15.0,96.0,,,6963323.0,6875890.0,4213903.0,3417.0,
178353,COD,2022-06-02,815.0,0.0,,,,0.2346,,,,,
178354,COD,2022-06-03,,0.0,,,,,,,,,
178355,DNK,2022-06-02,591.0,4.0,,245.0,,,4833818.0,4796074.0,3640288.0,603.0,
178356,DNK,2022-06-03,545.0,4.0,,234.0,,,,,,,
178357,DJI,2022-06-02,0.0,0.0,,,,,,,,,
178358,DJI,2022-06-03,0.0,0.0,,,,,,,,,
178359,DMA,2022-06-02,111.0,2.0,,,,,,,,,
178360,DMA,2022-06-03,,0.0,,,,,32759.0,30328.0,3646.0,,
178361,DOM,2022-06-02,497.0,0.0,,,,,7222205.0,5982874.0,2350713.0,4458.0,
178362,DOM,2022-06-03,1041.0,0.0,,,,,,,,,
178363,ECU,2022-06-02,,0.0,,,,,,,,,
178364,ECU,2022-06-03,,0.0,,,,,,,,,
178365,EGY,2022-06-02,0.0,,,,,,,,,,
178366,EGY,2022-06-03,0.0,,,,,,,,,,
178367,SLV,2022-06-02,0.0,0.0,,,,,,,,,
178368,SLV,2022-06-03,0.0,0.0,,,,,4606569.0,4311203.0,1917397.0,,
178369,GNQ,2022-06-02,0.0,0.0,,,,,,,,,
178370,GNQ,2022-06-03,0.0,0.0,,,,,,,,,
178371,ERI,2022-06-02,1.0,0.0,,,,,,,,,
178372,ERI,2022-06-03,2.0,0.0,,,,,,,,,
178373,EST,2022-06-02,,,,,,,,,,,
178374,EST,2022-06-03,,,,,,,,,,,
178375,SWZ,2022-06-02,46.0,1.0,,,,0.1155,,,,,
178376,SWZ,2022-06-03,45.0,0.0,,,,,,,,,
178377,ETH,2022-06-02,447.0,1.0,,,,0.0425,,,,,
178378,ETH,2022-06-03,344.0,0.0,,,,,,,,,
178379,FRO,2022-06-02,0.0,0.0,,,,,,,,,
178380,FRO,2022-06-03,0.0,0.0,,,,,,,,,
178381,FLK,2022-06-02,0.0,,,,,,,,,,
178382,FLK,2022-06-03,0.0,,,,,,,,,,
178383,FJI,2022-06-02,56.0,0.0,,,,,,,,,
178384,FJI,2022-06-03,0.0,0.0,,,,,,,,,
178385,FIN,2022-06-02,13018.0,105.0,,,,,,,,,
178386,FIN,2022-06-03,,,,,,,,,,,
178387,FRA,2022-06-02,25365.0,41.0,926.0,14640.0,,,54406954.0,52828558.0,38483544.0,45106.0,
178388,FRA,2022-06-03,25130.0,38.0,917.0,14419.0,,,,,,,
178389,PYF,2022-06-02,11.0,0.0,,,,,,,,,
178390,PYF,2022-06-03,0.0,0.0,,,,,,,,,
178391,GAB,2022-06-02,0.0,0.0,,,,0.0204,,,,,
178392,GAB,2022-06-03,0.0,0.0,,,,,,,,,
178393,GMB,2022-06-02,0.0,0.0,,,,,,,,,
178394,GMB,2022-06-03,0.0,0.0,,,,,,,,,
178395,GEO,2022-06-02,0.0,0.0,,,,,,,,,
178396,GEO,2022-06-03,0.0,0.0,,,,,,,,,
178397,DEU,2022-06-02,42693.0,91.0,648.0,,,,64549570.0,64511974.0,54756966.0,52547.0,
178398,DEU,2022-06-03,41087.0,73.0,636.0,,,,,,,,
178399,GHA,2022-06-02,38.0,0.0,,,,0.0264,,,,,
178400,GHA,2022-06-03,0.0,0.0,,,,,,,,,
178401,GIB,2022-06-02,141.0,0.0,,,,,,,,,
178402,GIB,2022-06-03,,0.0,,,,,,,,,
178403,GRC,2022-06-02,3769.0,12.0,,,,0.0434,7915890.0,7625434.0,6059383.0,3641.0,
178404,GRC,2022-06-03,3641.0,17.0,,,,,7916041.0,7625635.0,6061557.0,2514.0,
178405,GRL,2022-06-02,0.0,0.0,,,,,,,,,
178406,GRL,2022-06-03,0.0,0.0,,,,,,,,,
178407,GRD,2022-06-02,83.0,2.0,,,,,,,,,
178408,GRD,2022-06-03,33.0,2.0,,,,,43650.0,38410.0,6668.0,,
178409,GTM,2022-06-02,840.0,10.0,,,,,,,,,
178410,GTM,2022-06-03,839.0,18.0,,,,,8249568.0,6254215.0,3054915.0,,
178411,GIN,2022-06-02,,0.0,,,,,,,,,
178412,GIN,2022-06-03,,0.0,,,,,,,,,
178413,GNB,2022-06-02,14.0,0.0,,,,0.0272,,,,,
178414,GNB,2022-06-03,0.0,0.0,,,,,,,,,
178415,GUY,2022-06-02,106.0,0.0,,,,,,,,,
178416,GUY,2022-06-03,73.0,0.0,,,,,476991.0,367326.0,65607.0,,
178417,HTI,2022-06-02,13.0,0.0,,,,,,,,,
178418,HTI,2022-06-03,18.0,0.0,,,,,,,,,
178419,HND,2022-06-02,,0.0,,,,,,,,,
178420,HND,2022-06-03,,0.0,,,,,,,,,
178421,HKG,2022-06-02,489.0,1.0,,,,,,,,,
178422,HKG,2022-06-03,499.0,2.0,,,,,,,,,
178423,HUN,2022-06-02,,,,,,,,,,,
178424,HUN,2022-06-03,,,,,,,,,,,
178425,ISL,2022-06-02,0.0,0.0,,,,,,,,,
178426,ISL,2022-06-03,633.0,0.0,,,,,,,,,
178427,IND,2022-06-02,4041.0,10.0,,,441989.0,0.0072,1011693229.0,890216680.0,34317510.0,290231.0,
178428,IND,2022-06-03,3962.0,26.0,,,,,1011862480.0,891067632.0,34628356.0,1331049.0,
178429,IDN,2022-06-02,304.0,6.0,,,,,200327825.0,167507245.0,37458813.0,0.0,
178430,IDN,2022-06-03,372.0,4.0,,,,,,,,,
178431,IRN,2022-06-02,175.0,0.0,,,,,,,,,
178432,IRN,2022-06-03,171.0,3.0,,,,,,,,,
178433,IRQ,2022-06-02,105.0,0.0,,,,,,,,,
178434,IRQ,2022-06-03,129.0,1.0,,,,,,,,,
178435,IRL,2022-06-02,,,,,4303.0,0.15,,,,,
178436,IRL,2022-06-03,,,,,,,,,,,
178437,IMN,2022-06-02,132.0,1.0,,,,,,,,,
178438,IMN,2022-06-03,,0.0,,,,,,,,,
178439,ISR,2022-06-02,2462.0,8.0,40.0,300.0,,,6709814.0,6140921.0,5307255.0,259.0,
178440,ISR,2022-06-03,,0.0,,,,,,,,,
178441,ITA,2022-06-02,17718.0,79.0,226.0,4815.0,181055.0,0.1014,50786981.0,47934580.0,40602937.0,1295.0,
178442,ITA,2022-06-03,9692.0,40.0,225.0,4869.0,,,50787408.0,47935252.0,40619154.0,17316.0,
178443,JAM,2022-06-02,328.0,10.0,,,,0.1218,,,,,
178444,JAM,2022-06-03,386.0,,,,,,804709.0,700723.0,40906.0,,
178445,JPN,2022-06-02,20086.0,23.0,,,113743.0,0.1881,103586806.0,102084276.0,75302831.0,50052.0,
178446,JPN,2022-06-03,19257.0,32.0,,,,,,,,,
178447,JOR,2022-06-02,,0.0,,,,,,,,,
178448,JOR,2022-06-03,,0.0,,,,,,,,,
178449,KAZ,2022-06-02,0.0,0.0,,,,,,,,,
178450,KAZ,2022-06-03,17.0,0.0,,,,,,,,,
178451,KEN,2022-06-02,100.0,0.0,,,,0.0383,,,,,
178452,KEN,2022-06-03,150.0,0.0,,,,,,,,,
178453,KIR,2022-06-02,0.0,0.0,,,,,,,,,
178454,KIR,2022-06-03,0.0,0.0,,,,,,,,,
178455,KWT,2022-06-02,,0.0,,,,,,,,,
178456,KWT,2022-06-03,,0.0,,,,,,,,,
178457,KGZ,2022-06-02,0.0,0.0,,,,,1559206.0,1304971.0,,2728.0,
178458,KGZ,2022-06-03,0.0,0.0,,,,,1560278.0,1305740.0,,2602.0,
178459,LAO,2022-06-02,19.0,0.0,,,,0.195,,,,,
178460,LAO,2022-06-03,16.0,0.0,,,485.0,,5814750.0,5066603.0,,,
178461,LVA,2022-06-02,176.0,2.0,,,2433.0,0.0704,,,,,
178462,LVA,2022-06-03,145.0,0.0,,,2082.0,,,,,,
178463,LBN,2022-06-02,103.0,1.0,,,,,,,,,
178464,LBN,2022-06-03,,0.0,,,,,,,,,
178465,LSO,2022-06-02,204.0,1.0,,,,0.1429,,,,,
178466,LSO,2022-06-03,,0.0,,,,,,,,,
178467,LBR,2022-06-02,0.0,0.0,,,,,,,,,
178468,LBR,2022-06-03,0.0,0.0,,,,,,,,,
178469,LBY,2022-06-02,0.0,0.0,,,,,,,,,
178470,LBY,2022-06-03,0.0,0.0,,,,,,,,,
178471,LIE,2022-06-02,5.0,0.0,,,,,,,,,
178472,LIE,2022-06-03,20.0,0.0,,,,,,,,,
178473,LTU,2022-06-02,150.0,1.0,,,,,1951846.0,1875972.0,932718.0,180.0,
178474,LTU,2022-06-03,131.0,0.0,,,,,1951892.0,1876020.0,932884.0,261.0,
178475,LUX,2022-06-02,423.0,0.0,,,,,,,,,
178476,LUX,2022-06-03,270.0,1.0,,,,,,,,,
178477,MAC,2022-06-02,0.0,,,,,,609772.0,578787.0,264297.0,1814.0,
178478,MAC,2022-06-03,0.0,,,,,,610061.0,579442.0,265050.0,1661.0,
178479,MDG,2022-06-02,0.0,0.0,,,,,,,,,
178480,MDG,2022-06-03,0.0,0.0,,,,,,,,,
178481,MWI,2022-06-02,4.0,0.0,,,,0.0263,,,,,
178482,MWI,2022-06-03,6.0,1.0,,,,,,,,,
178483,MYS,2022-06-02,1877.0,2.0,29.0,362.0,,,27994667.0,27077490.0,16102249.0,5736.0,
178484,MYS,2022-06-03,1844.0,1.0,27.0,384.0,,,27996742.0,27084145.0,16103423.0,9849.0,
178485,MDV,2022-06-02,0.0,0.0,,,,,,,,,
178486,MDV,2022-06-03,0.0,0.0,,,,,,,,,
178487,MLI,2022-06-02,1.0,0.0,,,,0.0084,,,,,
178488,MLI,2022-06-03,5.0,0.0,,,,,,,,,
178489,MLT,2022-06-02,93.0,1.0,,,1117.0,0.0735,476393.0,469255.0,391325.0,802.0,
178490,MLT,2022-06-03,118.0,0.0,,,1102.0,,,,,,
178491,MHL,2022-06-02,0.0,,,,,,,,,,
178492,MHL,2022-06-03,1.0,,,,,,,,,,
178493,MRT,2022-06-02,14.0,0.0,,,,0.0033,,,,,
178494,MRT,2022-06-03,6.0,0.0,,,,,,,,,
178495,MUS,2022-06-02,989.0,0.0,,,,,,,,,
178496,MUS,2022-06-03,,0.0,,,,,,,,,
178497,MEX,2022-06-02,3378.0,15.0,,,,,,,,,
178498,MEX,2022-06-03,,,,,,,,,,,
178499,FSM,2022-06-02,0.0,,,,,,,,,,
178500,FSM,2022-06-03,0.0,,,,,,,,,,
178501,MDA,2022-06-02,,0.0,,,,,,1063425.0,,,
178502,MDA,2022-06-03,,0.0,,,,,,,,,
178503,MCO,2022-06-02,0.0,0.0,,,,,,,,,
178504,MCO,2022-06-03,0.0,0.0,,,,,,,,,
178505,MNG,2022-06-02,0.0,0.0,,,,,,,,,
178506,MNG,2022-06-03,154.0,0.0,,,,,,,,,
178507,MNE,2022-06-02,68.0,0.0,,,,,291200.0,283317.0,99412.0,77.0,
178508,MNE,2022-06-03,66.0,0.0,,,,,291215.0,283335.0,99431.0,52.0,
178509,MSR,2022-06-02,0.0,0.0,,,,,,,,,
178510,MSR,2022-06-03,23.0,2.0,,,,,,,,,
178511,MAR,2022-06-02,393.0,1.0,,,,,,,,,
178512,MAR,2022-06-03,425.0,0.0,,,,,,,,,
178513,MOZ,2022-06-02,0.0,0.0,,,,0.0455,,,,,
178514,MOZ,2022-06-03,54.0,0.0,,,,,,,,,
178515,MMR,2022-06-02,7.0,0.0,,,,0.0019,,,,,
178516,MMR,2022-06-03,15.0,0.0,,,,,,,,,
178517,NAM,2022-06-02,200.0,0.0,,,,0.2203,,,,,
178518,NAM,2022-06-03,,0.0,,,,,,,,,
178519,NPL,2022-06-02,11.0,0.0,,,,,22413482.0,19885258.0,4456127.0,143582.0,
178520,NPL,2022-06-03,19.0,0.0,,,,0.004,22425004.0,19902055.0,4515114.0,82413.0,
178521,NLD,2022-06-02,1535.0,1.0,25.0,297.0,,,,,,,
178522,NLD,2022-06-03,1458.0,0.0,20.0,301.0,,,,,,,
178523,NCL,2022-06-02,,0.0,,,,,,,,,
178524,NCL,2022-06-03,,0.0,,,,,,,,,
178525,NZL,2022-06-02,6335.0,12.0,,,,,4290746.0,4104632.0,2693164.0,,
178526,NZL,2022-06-03,6409.0,9.0,,,,,,,,,
178527,NIC,2022-06-02,0.0,0.0,,,,,,,,,
178528,NIC,2022-06-03,0.0,0.0,,,,,,,,,
178529,NER,2022-06-02,0.0,0.0,,,,,,,,,
178530,NER,2022-06-03,0.0,0.0,,,,,,,,,
178531,NGA,2022-06-02,85.0,0.0,,,,0.0036,,,,,
178532,NGA,2022-06-03,0.0,0.0,,,,,,,,,
178533,PRK,2022-06-02,0.0,0.0,,,,,,,,,
178534,PRK,2022-06-03,0.0,0.0,,,,,,,,,
178535,MKD,2022-06-02,75.0,1.0,,,,0.0699,,,,,
178536,MKD,2022-06-03,60.0,2.0,,,,,,,,,
178537,NOR,2022-06-02,287.0,,,,,,4339011.0,4040667.0,2951249.0,2136.0,
178538,NOR,2022-06-03,380.0,,,,,,,,,,
178539,OMN,2022-06-02,0.0,0.0,,,,,,,,,
178540,OMN,2022-06-03,0.0,0.0,,,,,,,,,
178541,PAK,2022-06-02,36.0,0.0,,,,0.0043,135139203.0,123279040.0,8256712.0,80065.0,
178542,PAK,2022-06-03,0.0,0.0,,,,,135161044.0,123311587.0,8279860.0,73344.0,
178543,PLW,2022-06-02,0.0,0.0,,,,,,,,,
178544,PLW,2022-06-03,18.0,0.0,,,,,,,,,
178545,PSE,2022-06-02,,0.0,,,,,,,,,
178546,PSE,2022-06-03,,0.0,,,,,,,,,
178547,PAN,2022-06-02,3789.0,4.0,,,,,,,,,
178548,PAN,2022-06-03,3296.0,5.0,,,,,3477600.0,3103529.0,1661492.0,,
178549,PNG,2022-06-02,71.0,0.0,,,,,,,,,
178550,PNG,2022-06-03,12.0,0.0,,,,,,,,,
178551,PRY,2022-06-02,0.0,0.0,,,,,,,,,
178552,PRY,2022-06-03,0.0,0.0,,,,,,,,,
178553,PER,2022-06-02,1080.0,22.0,,,,,,,,,
178554,PER,2022-06-03,799.0,1.0,,,,,,,,,
178555,PHL,2022-06-02,182.0,0.0,,,,,,,,,
178556,PHL,2022-06-03,225.0,1.0,,,,,,,,,
178557,POL,2022-06-02,219.0,7.0,,,,,22723608.0,22501063.0,12103864.0,5137.0,
178558,POL,2022-06-03,236.0,5.0,,,,,,,,,
178559,PRT,2022-06-02,31894.0,40.0,,,,,,,,,
178560,PRT,2022-06-03,26392.0,53.0,,,,,,,,,
178561,QAT,2022-06-02,256.0,0.0,,,13696.0,,,,1629098.0,4611.0,
178562,QAT,2022-06-03,221.0,0.0,,,,,,,1634178.0,7932.0,
178563,ROU,2022-06-02,182.0,1.0,,,,,,8110998.0,,1208.0,
178564,ROU,2022-06-03,404.0,3.0,,,,,,,,,
178565,RUS,2022-06-02,4196.0,82.0,,,,0.0292,81077691.0,73988718.0,14356919.0,,
178566,RUS,2022-06-03,4113.0,75.0,,,,,,,,,
178567,RWA,2022-06-02,55.0,0.0,,,3773.0,0.0027,,,,,
178568,RWA,2022-06-03,25.0,0.0,,,5622.0,,,,,,
178569,SHN,2022-06-02,0.0,,,,,,,,,,
178570,SHN,2022-06-03,0.0,,,,,,,,,,
178571,KNA,2022-06-02,11.0,0.0,,,,0.0174,,,,,
178572,KNA,2022-06-03,25.0,0.0,,,,,,,,,
178573,LCA,2022-06-02,100.0,0.0,,,,0.5776,,,,,
178574,LCA,2022-06-03,122.0,0.0,,,,,59353.0,54032.0,7488.0,,
178575,SPM,2022-06-02,0.0,0.0,,,,,,,,,
178576,SPM,2022-06-03,0.0,0.0,,,,,,,,,
178577,VCT,2022-06-02,24.0,1.0,,,,,,,,,
178578,VCT,2022-06-03,21.0,0.0,,,,,,,,,
178579,WSM,2022-06-02,0.0,0.0,,,,,,,,,
178580,WSM,2022-06-03,297.0,1.0,,,,,,,,,
178581,SMR,2022-06-02,0.0,0.0,,,,,,,,,
178582,SMR,2022-06-03,0.0,0.0,,,,,,,,,
178583,STP,2022-06-02,0.0,0.0,,,,,,,,,
178584,STP,2022-06-03,0.0,0.0,,,,,,,,,
178585,SAU,2022-06-02,775.0,2.0,,,25921.0,0.0231,,,,,
178586,SAU,2022-06-03,662.0,1.0,,,,,,,,,
178587,SEN,2022-06-02,1.0,0.0,,,,,,,,,
178588,SEN,2022-06-03,8.0,0.0,,,,,,,,,
178589,SRB,2022-06-02,242.0,0.0,10.0,124.0,7058.0,0.0362,3353072.0,3277059.0,1900617.0,221.0,
178590,SRB,2022-06-03,271.0,2.0,10.0,105.0,,,,,,,
178591,SYC,2022-06-02,73.0,0.0,,,,,,,,,
178592,SYC,2022-06-03,56.0,0.0,,,,,,,,,
178593,SLE,2022-06-02,0.0,0.0,,,,0.0,,,,,
178594,SLE,2022-06-03,0.0,0.0,,,,,,,,,
178595,SGP,2022-06-02,3745.0,0.0,,,,,,,,,
178596,SGP,2022-06-03,3233.0,0.0,,,,,,,,,
178597,SVK,2022-06-02,197.0,1.0,,,,,,,,,
178598,SVK,2022-06-03,190.0,2.0,,,,,,,,,
178599,SVN,2022-06-02,289.0,0.0,,,3027.0,0.057,1265676.0,1221918.0,654102.0,221.0,
178600,SVN,2022-06-03,257.0,0.0,,,,,,,,0.0,
178601,SLB,2022-06-02,,0.0,,,,,,,,,
178602,SLB,2022-06-03,,0.0,,,,,,,,,
178603,SOM,2022-06-02,0.0,0.0,,,,,,,,,
178604,SOM,2022-06-03,0.0,0.0,,,,,,,,,
178605,ZAF,2022-06-02,2970.0,31.0,,,25690.0,0.1237,21776154.0,18799631.0,3213884.0,42958.0,
178606,ZAF,2022-06-03,2028.0,35.0,,,,,21793671.0,18815753.0,3228459.0,43112.0,
178607,KOR,2022-06-02,12522.0,17.0,,,,,45056097.0,44590313.0,37440650.0,27554.0,
178608,KOR,2022-06-03,12016.0,9.0,,,,,45057078.0,44596263.0,37484972.0,51241.0,
178609,SSD,2022-06-02,8.0,0.0,,,,0.0061,,,,,
178610,SSD,2022-06-03,1.0,0.0,,,,,,,,,
178611,ESP,2022-06-02,0.0,0.0,340.0,6131.0,,,,,,,
178612,ESP,2022-06-03,42989.0,304.0,,,,,,,,,
178613,LKA,2022-06-02,7.0,0.0,,,1249.0,0.0053,,,,,
178614,LKA,2022-06-03,8.0,0.0,,,,,,,,,
178615,SDN,2022-06-02,0.0,0.0,,,,,,,,,
178616,SDN,2022-06-03,0.0,0.0,,,,,,,,,
178617,SUR,2022-06-02,,0.0,,,251.0,0.475,,,,,
178618,SUR,2022-06-03,,0.0,,,,,,,,,
178619,SWE,2022-06-02,1418.0,37.0,,,,,7835657.0,7645072.0,5402095.0,,
178620,SWE,2022-06-03,,,,,,,,,,,
178621,CHE,2022-06-02,,3.0,,,,,,,,,
178622,CHE,2022-06-03,,0.0,,,,,,,,,
178623,SYR,2022-06-02,1.0,0.0,,,,,,,,,
178624,SYR,2022-06-03,0.0,0.0,,,,,,,,,
178625,TWN,2022-06-02,76930.0,144.0,,,77249.0,0.8582,20818967.0,19034292.0,15600770.0,220905.0,
178626,TWN,2022-06-03,76505.0,142.0,,,,,20856827.0,19040882.0,15626876.0,70556.0,
178627,TJK,2022-06-02,0.0,0.0,,,,,,,,,
178628,TJK,2022-06-03,0.0,0.0,,,,,,,,,
178629,TZA,2022-06-02,0.0,0.0,,,,,,,,,
178630,TZA,2022-06-03,0.0,0.0,,,,,,,,,
178631,THA,2022-06-02,2976.0,32.0,,,,,56541014.0,52540544.0,28148649.0,111732.0,
178632,THA,2022-06-03,3001.0,30.0,,,,,56542712.0,52545490.0,28166057.0,24052.0,
178633,TLS,2022-06-02,1.0,0.0,,,,,,,,,
178634,TLS,2022-06-03,4.0,0.0,,,,,,,,,
178635,TGO,2022-06-02,13.0,0.0,,,,0.0172,,,,,
178636,TGO,2022-06-03,6.0,0.0,,,,,,,,,
178637,TON,2022-06-02,0.0,0.0,,,,,,,,,
178638,TON,2022-06-03,27.0,0.0,,,,,,,,,
178639,TTO,2022-06-02,397.0,3.0,,,,,749752.0,712666.0,159283.0,537.0,
178640,TTO,2022-06-03,254.0,5.0,,,,,749829.0,712711.0,159497.0,324.0,
178641,TUN,2022-06-02,,0.0,,,,,,,,,
178642,TUN,2022-06-03,,0.0,,,,,,,,,
178643,TUR,2022-06-02,,0.0,,,,,,,,,
178644,TUR,2022-06-03,,0.0,,,,,,,,,
178645,TCA,2022-06-02,0.0,0.0,,,,,,,,,
178646,TCA,2022-06-03,0.0,0.0,,,,,,,,,
178647,UGA,2022-06-02,0.0,0.0,,,,0.0023,,,,,
178648,UGA,2022-06-03,0.0,0.0,,,,,,,,,
178649,UKR,2022-06-02,0.0,0.0,,,,,,,,,
178650,UKR,2022-06-03,0.0,0.0,,,,,,,,,
178651,ARE,2022-06-02,575.0,0.0,,,242364.0,0.002,,,,,
178652,ARE,2022-06-03,593.0,0.0,,,,,,,,,
178653,GBR,2022-06-02,129.0,,,,,,,,,,
178654,GBR,2022-06-03,,,,,,,,,,,
178655,USA,2022-06-02,118424.0,317.0,,,,,,,,,
178656,USA,2022-06-03,154004.0,391.0,,,,,,,,,
178657,URY,2022-06-02,,,,,,,2992895.0,2877870.0,2565212.0,13512.0,
178658,URY,2022-06-03,,,,,,,2993214.0,2878609.0,2581592.0,17438.0,
178659,UZB,2022-06-02,13.0,0.0,,,,,,,,,
178660,UZB,2022-06-03,18.0,0.0,,,,,,,,,
178661,VUT,2022-06-02,215.0,0.0,,,,,,,,,
178662,VUT,2022-06-03,7.0,0.0,,,,,,,,,
178663,VAT,2022-06-02,0.0,,,,,,,,,,
178664,VAT,2022-06-03,0.0,,,,,,,,,,
178665,VEN,2022-06-02,0.0,0.0,,,,,,,,,
178666,VEN,2022-06-03,59.0,0.0,,,,,,,,,
178667,VNM,2022-06-02,2208.0,1.0,,,,,84545834.0,79331294.0,57780906.0,99737.0,
178668,VNM,2022-06-03,1039.0,0.0,,,,,,,,,
178669,WLF,2022-06-02,0.0,0.0,,,,,,,,,
178670,WLF,2022-06-03,0.0,0.0,,,,,,,,,
178671,YEM,2022-06-02,0.0,0.0,,,,,,,,,
178672,YEM,2022-06-03,0.0,0.0,,,,,,,,,
178673,ZMB,2022-06-02,0.0,0.0,,,2409.0,,,3534173.0,,,
178674,ZMB,2022-06-03,292.0,1.0,,,,,,3674839.0,,219574.0,
178675,ZWE,2022-06-02,177.0,1.0,,,,0.0743,,,,,
178676,ZWE,2022-06-03,185.0,1.0,,,,,,,,,
